/*
;             
CREATE USER IF NOT EXISTS SA SALT '7fa521932c78d2a2' HASH '01a974c05860c079425a50ba8d40f989066ac110e58633df3f2a9cc02b344ad9' ADMIN;           
CREATE SEQUENCE PUBLIC.SYSTEM_SEQUENCE_31CF9578_A73B_4A4D_ACC7_B29B71D84DDB START WITH 4 BELONGS_TO_TABLE;    
CREATE SEQUENCE PUBLIC.SYSTEM_SEQUENCE_530872B6_5D42_4E4D_ADC8_4999FC90BE7A START WITH 66 BELONGS_TO_TABLE;   
CREATE SEQUENCE PUBLIC.SYSTEM_SEQUENCE_09B3BF99_A3A4_4C41_B124_D988A3BC6F21 START WITH 4 BELONGS_TO_TABLE;    
CREATE CACHED TABLE PUBLIC.PERSON(
    ID BIGINT DEFAULT (NEXT VALUE FOR PUBLIC.SYSTEM_SEQUENCE_530872B6_5D42_4E4D_ADC8_4999FC90BE7A) NOT NULL NULL_TO_DEFAULT SEQUENCE PUBLIC.SYSTEM_SEQUENCE_530872B6_5D42_4E4D_ADC8_4999FC90BE7A,
    LAST_NAME VARCHAR(255),
    NAME VARCHAR(255)
); 
ALTER TABLE PUBLIC.PERSON ADD CONSTRAINT PUBLIC.CONSTRAINT_8 PRIMARY KEY(ID); 
-- 2 +/- SELECT COUNT(*) FROM PUBLIC.PERSON;  
INSERT INTO PUBLIC.PERSON(ID, LAST_NAME, NAME) VALUES
(1, 'Gonzalez', 'Elvin'),
(2, 'Gonzalez', 'Antonio'); 
CREATE CACHED TABLE PUBLIC.ROLE(
    ID BIGINT DEFAULT (NEXT VALUE FOR PUBLIC.SYSTEM_SEQUENCE_31CF9578_A73B_4A4D_ACC7_B29B71D84DDB) NOT NULL NULL_TO_DEFAULT SEQUENCE PUBLIC.SYSTEM_SEQUENCE_31CF9578_A73B_4A4D_ACC7_B29B71D84DDB,
    NAME VARCHAR(255) NOT NULL
);       
ALTER TABLE PUBLIC.ROLE ADD CONSTRAINT PUBLIC.CONSTRAINT_2 PRIMARY KEY(ID);   
-- 3 +/- SELECT COUNT(*) FROM PUBLIC.ROLE;    
INSERT INTO PUBLIC.ROLE(ID, NAME) VALUES
(1, 'ROLE_USER'),
(2, 'ROLE_ADMIN'),
(3, 'ROLE_GUEST');           
CREATE CACHED TABLE PUBLIC.USER(
    ID BIGINT DEFAULT (NEXT VALUE FOR PUBLIC.SYSTEM_SEQUENCE_09B3BF99_A3A4_4C41_B124_D988A3BC6F21) NOT NULL NULL_TO_DEFAULT SEQUENCE PUBLIC.SYSTEM_SEQUENCE_09B3BF99_A3A4_4C41_B124_D988A3BC6F21,
    LOGIN VARCHAR(255) NOT NULL,
    NAME VARCHAR(255) NOT NULL,
    PASSWORD VARCHAR(255) NOT NULL
);
ALTER TABLE PUBLIC.USER ADD CONSTRAINT PUBLIC.CONSTRAINT_27 PRIMARY KEY(ID);  
-- 3 +/- SELECT COUNT(*) FROM PUBLIC.USER;    
INSERT INTO PUBLIC.USER(ID, LOGIN, NAME, PASSWORD) VALUES
(1, 'elvin', 'Elvin', 'elvin'),
(2, 'pepe', 'Pepe', 'pepe'),
(3, 'loco', 'Loco', 'loco');        
CREATE CACHED TABLE PUBLIC.USER_ROLE(
    USER_ID BIGINT NOT NULL,
    ROLE_ID BIGINT NOT NULL
);          
ALTER TABLE PUBLIC.USER_ROLE ADD CONSTRAINT PUBLIC.CONSTRAINT_B PRIMARY KEY(USER_ID, ROLE_ID);
-- 4 +/- SELECT COUNT(*) FROM PUBLIC.USER_ROLE;               
INSERT INTO PUBLIC.USER_ROLE(USER_ID, ROLE_ID) VALUES
(1, 1),
(1, 2),
(2, 1),
(3, 1);     
CREATE CACHED TABLE PUBLIC.OAUTH_CLIENT_DETAILS(
    CLIENT_ID VARCHAR(256) NOT NULL,
    RESOURCE_IDS VARCHAR(256),
    CLIENT_SECRET VARCHAR(256),
    SCOPE VARCHAR(256),
    AUTHORIZED_GRANT_TYPES VARCHAR(256),
    WEB_SERVER_REDIRECT_URI VARCHAR(256),
    AUTHORITIES VARCHAR(256),
    ACCESS_TOKEN_VALIDITY INTEGER,
    REFRESH_TOKEN_VALIDITY INTEGER,
    ADDITIONAL_INFORMATION VARCHAR(4096),
    AUTOAPPROVE VARCHAR(256)
);    
ALTER TABLE PUBLIC.OAUTH_CLIENT_DETAILS ADD CONSTRAINT PUBLIC.CONSTRAINT_A PRIMARY KEY(CLIENT_ID);            
-- 1 +/- SELECT COUNT(*) FROM PUBLIC.OAUTH_CLIENT_DETAILS;    
INSERT INTO PUBLIC.OAUTH_CLIENT_DETAILS(CLIENT_ID, RESOURCE_IDS, CLIENT_SECRET, SCOPE, AUTHORIZED_GRANT_TYPES, WEB_SERVER_REDIRECT_URI, AUTHORITIES, ACCESS_TOKEN_VALIDITY, REFRESH_TOKEN_VALIDITY, ADDITIONAL_INFORMATION, AUTOAPPROVE) VALUES
('clientapp', 'restservice', '123456', 'write,read', 'password,refresh_token', '', 'USER', NULL, NULL, '{}', '');            
CREATE CACHED TABLE PUBLIC.OAUTH_CLIENT_TOKEN(
    TOKEN_ID VARCHAR(256),
    TOKEN LONGVARBINARY,
    AUTHENTICATION_ID VARCHAR(256) NOT NULL,
    USER_NAME VARCHAR(256),
    CLIENT_ID VARCHAR(256)
);               
ALTER TABLE PUBLIC.OAUTH_CLIENT_TOKEN ADD CONSTRAINT PUBLIC.CONSTRAINT_E PRIMARY KEY(AUTHENTICATION_ID);      
-- 0 +/- SELECT COUNT(*) FROM PUBLIC.OAUTH_CLIENT_TOKEN;      
CREATE CACHED TABLE PUBLIC.OAUTH_ACCESS_TOKEN(
    TOKEN_ID VARCHAR(256),
    TOKEN LONGVARBINARY,
    AUTHENTICATION_ID VARCHAR(256) NOT NULL,
    USER_NAME VARCHAR(256),
    CLIENT_ID VARCHAR(256),
    AUTHENTICATION LONGVARBINARY,
    REFRESH_TOKEN VARCHAR(256)
);           
ALTER TABLE PUBLIC.OAUTH_ACCESS_TOKEN ADD CONSTRAINT PUBLIC.CONSTRAINT_D PRIMARY KEY(AUTHENTICATION_ID);      
-- 2 +/- SELECT COUNT(*) FROM PUBLIC.OAUTH_ACCESS_TOKEN;      
INSERT INTO PUBLIC.OAUTH_ACCESS_TOKEN(TOKEN_ID, TOKEN, AUTHENTICATION_ID, USER_NAME, CLIENT_ID, AUTHENTICATION, REFRESH_TOKEN) VALUES
('3ae7a8dcd50fbb5292924bc0a6649fa0', X'aced0005737200436f72672e737072696e676672616d65776f726b2e73656375726974792e6f61757468322e636f6d6d6f6e2e44656661756c744f4175746832416363657373546f6b656e0cb29e361b24face0200064c00156164646974696f6e616c496e666f726d6174696f6e74000f4c6a6176612f7574696c2f4d61703b4c000a65787069726174696f6e7400104c6a6176612f7574696c2f446174653b4c000c72656672657368546f6b656e74003f4c6f72672f737072696e676672616d65776f726b2f73656375726974792f6f61757468322f636f6d6d6f6e2f4f417574683252656672657368546f6b656e3b4c000573636f706574000f4c6a6176612f7574696c2f5365743b4c0009746f6b656e547970657400124c6a6176612f6c616e672f537472696e673b4c000576616c756571007e000578707372001e6a6176612e7574696c2e436f6c6c656374696f6e7324456d7074794d6170593614855adce7d002000078707372000e6a6176612e7574696c2e44617465686a81014b597419030000787077080000014e6787b57d787372004c6f72672e737072696e676672616d65776f726b2e73656375726974792e6f61757468322e636f6d6d6f6e2e44656661756c744578706972696e674f417574683252656672657368546f6b656e2fdf47639dd0c9b70200014c000a65787069726174696f6e71007e0002787200446f72672e737072696e676672616d65776f726b2e73656375726974792e6f61757468322e636f6d6d6f6e2e44656661756c744f417574683252656672657368546f6b656e73e10e0a6354d45e0200014c000576616c756571007e0005787074002436396264666334322d323132322d346634352d393535332d3262636231643866636238657371007e000977080000014eff734f7c78737200256a6176612e7574696c2e436f6c6c656374696f6e7324556e6d6f6469666961626c65536574801d92d18f9b80550200007872002c6a6176612e7574696c2e436f6c6c656374696f6e7324556e6d6f6469666961626c65436f6c6c656374696f6e19420080cb5ef71e0200014c0001637400164c6a6176612f7574696c2f436f6c6c656374696f6e3b7870737200176a6176612e7574696c2e4c696e6b656448617368536574d86cd75a95dd2a1e020000787200116a6176612e7574696c2e48617368536574ba44859596b8b7340300007870770c000000103f400000000000027400047265616474000577726974657874000662656172657274002466363436396532342d316662312d343633612d623433652d323732386164323437306631', '2e38f6906b6c4eba4635822be7a9859f', 'pepe', 'clientapp', X'aced0005737200416f72672e737072696e676672616d65776f726b2e73656375726974792e6f61757468322e70726f76696465722e4f417574683241757468656e7469636174696f6ebd400b02166252130200024c000d73746f7265645265717565737474003c4c6f72672f737072696e676672616d65776f726b2f73656375726974792f6f61757468322f70726f76696465722f4f4175746832526571756573743b4c00127573657241757468656e7469636174696f6e7400324c6f72672f737072696e676672616d65776f726b2f73656375726974792f636f72652f41757468656e7469636174696f6e3b787200476f72672e737072696e676672616d65776f726b2e73656375726974792e61757468656e7469636174696f6e2e416273747261637441757468656e7469636174696f6e546f6b656ed3aa287e6e47640e0200035a000d61757468656e746963617465644c000b617574686f7269746965737400164c6a6176612f7574696c2f436f6c6c656374696f6e3b4c000764657461696c737400124c6a6176612f6c616e672f4f626a6563743b787000737200266a6176612e7574696c2e436f6c6c656374696f6e7324556e6d6f6469666961626c654c697374fc0f2531b5ec8e100200014c00046c6973747400104c6a6176612f7574696c2f4c6973743b7872002c6a6176612e7574696c2e436f6c6c656374696f6e7324556e6d6f6469666961626c65436f6c6c656374696f6e19420080cb5ef71e0200014c00016371007e00047870737200136a6176612e7574696c2e41727261794c6973747881d21d99c7619d03000149000473697a657870000000017704000000017372001264656d6f2e64746f2e757365722e526f6c650c816ac927a5544b0200034a000269644c00046e616d657400124c6a6176612f6c616e672f537472696e673b4c0005757365727374000f4c6a6176612f7574696c2f5365743b78700000000000000001740009524f4c455f555345527372002f6f72672e68696265726e6174652e636f6c6c656374696f6e2e696e7465726e616c2e50657273697374656e7453657486e4fda1f2eee0af0200014c000373657471007e000f7872003e6f72672e68696265726e6174652e636f6c6c656374696f6e2e696e7465726e616c2e416273747261637450657273697374656e74436f6c6c656374696f6e844a7e7706ae8d0b0200095a001b616c6c6f774c6f61644f7574736964655472616e73616374696f6e49000a63616368656453697a655a000564697274795a000b696e697469616c697a65644c00036b65797400164c6a6176612f696f2f53657269616c697a61626c653b4c00056f776e657271007e00054c0004726f6c6571007e000e4c001273657373696f6e466163746f72795575696471007e000e4c000e73746f726564536e617073686f7471007e0014787000ffffffff00007372000e6a6176612e6c616e672e4c6f6e673b8be490cc8f23df0200014a000576616c7565787200106a6176612e6c616e672e4e756d62657286ac951d0b94e08b0200007870000000000000000171007e001074001864656d6f2e64746f2e757365722e526f6c652e75736572737070707871007e000c707372003a6f72672e737072696e676672616d65776f726b2e73656375726974792e6f61757468322e70726f76696465722e4f41757468325265717565737400000000000000010200075a0008617070726f7665644c000b617574686f72697469657371007e00044c000a657874656e73696f6e7374000f4c6a6176612f7574696c2f4d61703b4c000b726564697265637455726971007e000e4c00077265667265736874003b4c6f72672f737072696e676672616d65776f726b2f73656375726974792f6f61757468322f70726f76696465722f546f6b656e526571756573743b4c000b7265736f7572636549647371007e000f4c000d726573706f6e7365547970657371007e000f787200386f72672e737072696e676672616d65776f726b2e73656375726974792e6f61757468322e70726f76696465722e426173655265717565737436287a3ea37169bd0200034c0008636c69656e74496471007e000e4c001172657175657374506172616d657465727371007e001b4c000573636f706571007e000f7870740009636c69656e74617070737200256a6176612e7574696c2e436f6c6c656374696f6e7324556e6d6f6469666961626c654d6170f1a5a8fe74f507420200014c00016d71007e001b7870737200116a6176612e7574696c2e486173684d61700507dac1c31660d103000246000a6c6f6164466163746f724900097468726573686f6c6478703f400000000000067708000000080000000374000a6772616e745f7479706574000870617373776f7264740008757365726e616d657400047065706574000573636f706574000a7265616420777269746578737200256a6176612e7574696c2e436f6c6c656374696f6e7324556e6d6f6469666961626c65536574801d92d18f9b80550200007871007e0009737200176a6176612e7574696c2e4c696e6b656448617368536574d86cd75a95dd2a1e020000787200116a6176612e7574696c2e48617368536574ba44859596b8b7340300007870770c000000103f4000000000000274000472656164740005777269746578017371007e002d770c000000103f40000000000001737200426f72672e737072696e676672616d65776f726b2e73656375726974792e636f72652e617574686f726974792e53696d706c654772616e746564417574686f7269747900000000000001400200014c0004726f6c6571007e000e787074000455534552787371007e00223f40000000000000770800000010000000007870707371007e002c770c000000103f4000000000000174000b7265737473657276696365787371007e002d770c000000103f40000000000000787372004f6f72672e737072696e676672616d65776f726b2e73656375726974792e61757468656e7469636174696f6e2e557365726e616d6550617373776f726441757468656e7469636174696f6e546f6b656e00000000000001400200024c000b63726564656e7469616c7371007e00054c00097072696e636970616c71007e00057871007e0003017371007e00077371007e000b0000000177040000000171007e00107871007e003c737200176a6176612e7574696c2e4c696e6b6564486173684d617034c04e5c106cc0fb0200015a000b6163636573734f726465727871007e00223f400000000000067708000000080000000371007e002671007e002771007e002471007e002571007e002871007e00297800707372004064656d6f2e5573657244657461696c7353657276696365496d706c656d656e746174696f6e245573657244657461696c73496d706c656d656e746174696f6e7312c42e78e50b92f90200014c0004757365727400144c64656d6f2f64746f2f757365722f557365723b78707372001264656d6f2e64746f2e757365722e55736572589003a9dc8fc5370200054a000269644c00056c6f67696e71007e000e4c00046e616d6571007e000e4c000870617373776f726471007e000e4c0005726f6c657371007e000f78700000000000000002740004706570657400045065706571007e00447371007e001200ffffffff00017371007e0016000000000000000271007e004374001864656d6f2e64746f2e757365722e557365722e726f6c6573707371007e00223f400000000000017708000000020000000171007e001071007e0010787371007e002d770c000000103f4000000000000171007e001078', 'a2c5dba5b092c106851dc59d047b1833');               
INSERT INTO PUBLIC.OAUTH_ACCESS_TOKEN(TOKEN_ID, TOKEN, AUTHENTICATION_ID, USER_NAME, CLIENT_ID, AUTHENTICATION, REFRESH_TOKEN) VALUES
('9891da94566f0fba016ce41702a552fe', X'aced0005737200436f72672e737072696e676672616d65776f726b2e73656375726974792e6f61757468322e636f6d6d6f6e2e44656661756c744f4175746832416363657373546f6b656e0cb29e361b24face0200064c00156164646974696f6e616c496e666f726d6174696f6e74000f4c6a6176612f7574696c2f4d61703b4c000a65787069726174696f6e7400104c6a6176612f7574696c2f446174653b4c000c72656672657368546f6b656e74003f4c6f72672f737072696e676672616d65776f726b2f73656375726974792f6f61757468322f636f6d6d6f6e2f4f417574683252656672657368546f6b656e3b4c000573636f706574000f4c6a6176612f7574696c2f5365743b4c0009746f6b656e547970657400124c6a6176612f6c616e672f537472696e673b4c000576616c756571007e000578707372001e6a6176612e7574696c2e436f6c6c656374696f6e7324456d7074794d6170593614855adce7d002000078707372000e6a6176612e7574696c2e44617465686a81014b597419030000787077080000014e678828a9787372004c6f72672e737072696e676672616d65776f726b2e73656375726974792e6f61757468322e636f6d6d6f6e2e44656661756c744578706972696e674f417574683252656672657368546f6b656e2fdf47639dd0c9b70200014c000a65787069726174696f6e71007e0002787200446f72672e737072696e676672616d65776f726b2e73656375726974792e6f61757468322e636f6d6d6f6e2e44656661756c744f417574683252656672657368546f6b656e73e10e0a6354d45e0200014c000576616c756571007e0005787074002439373132326564362d633238352d343234312d383462392d3138323937313533646638337371007e000977080000014eff73c2a978737200256a6176612e7574696c2e436f6c6c656374696f6e7324556e6d6f6469666961626c65536574801d92d18f9b80550200007872002c6a6176612e7574696c2e436f6c6c656374696f6e7324556e6d6f6469666961626c65436f6c6c656374696f6e19420080cb5ef71e0200014c0001637400164c6a6176612f7574696c2f436f6c6c656374696f6e3b7870737200176a6176612e7574696c2e4c696e6b656448617368536574d86cd75a95dd2a1e020000787200116a6176612e7574696c2e48617368536574ba44859596b8b7340300007870770c000000043f400000000000027400047265616474000577726974657874000662656172657274002461376333613066612d313631612d343530632d616465652d623865346236656363623937', '32a62284182e0a1069e04671e701673b', 'elvin', 'clientapp', X'aced0005737200416f72672e737072696e676672616d65776f726b2e73656375726974792e6f61757468322e70726f76696465722e4f417574683241757468656e7469636174696f6ebd400b02166252130200024c000d73746f7265645265717565737474003c4c6f72672f737072696e676672616d65776f726b2f73656375726974792f6f61757468322f70726f76696465722f4f4175746832526571756573743b4c00127573657241757468656e7469636174696f6e7400324c6f72672f737072696e676672616d65776f726b2f73656375726974792f636f72652f41757468656e7469636174696f6e3b787200476f72672e737072696e676672616d65776f726b2e73656375726974792e61757468656e7469636174696f6e2e416273747261637441757468656e7469636174696f6e546f6b656ed3aa287e6e47640e0200035a000d61757468656e746963617465644c000b617574686f7269746965737400164c6a6176612f7574696c2f436f6c6c656374696f6e3b4c000764657461696c737400124c6a6176612f6c616e672f4f626a6563743b787000737200266a6176612e7574696c2e436f6c6c656374696f6e7324556e6d6f6469666961626c654c697374fc0f2531b5ec8e100200014c00046c6973747400104c6a6176612f7574696c2f4c6973743b7872002c6a6176612e7574696c2e436f6c6c656374696f6e7324556e6d6f6469666961626c65436f6c6c656374696f6e19420080cb5ef71e0200014c00016371007e00047870737200136a6176612e7574696c2e41727261794c6973747881d21d99c7619d03000149000473697a657870000000027704000000027372001264656d6f2e64746f2e757365722e526f6c650c816ac927a5544b0200034a000269644c00046e616d657400124c6a6176612f6c616e672f537472696e673b4c0005757365727374000f4c6a6176612f7574696c2f5365743b7870000000000000000274000a524f4c455f41444d494e7372002f6f72672e68696265726e6174652e636f6c6c656374696f6e2e696e7465726e616c2e50657273697374656e7453657486e4fda1f2eee0af0200014c000373657471007e000f7872003e6f72672e68696265726e6174652e636f6c6c656374696f6e2e696e7465726e616c2e416273747261637450657273697374656e74436f6c6c656374696f6e844a7e7706ae8d0b0200095a001b616c6c6f774c6f61644f7574736964655472616e73616374696f6e49000a63616368656453697a655a000564697274795a000b696e697469616c697a65644c00036b65797400164c6a6176612f696f2f53657269616c697a61626c653b4c00056f776e657271007e00054c0004726f6c6571007e000e4c001273657373696f6e466163746f72795575696471007e000e4c000e73746f726564536e617073686f7471007e0014787000ffffffff00007372000e6a6176612e6c616e672e4c6f6e673b8be490cc8f23df0200014a000576616c7565787200106a6176612e6c616e672e4e756d62657286ac951d0b94e08b0200007870000000000000000271007e001074001864656d6f2e64746f2e757365722e526f6c652e75736572737070707371007e000d0000000000000001740009524f4c455f555345527371007e001200ffffffff00007371007e0016000000000000000171007e001a71007e00197070707871007e000c707372003a6f72672e737072696e676672616d65776f726b2e73656375726974792e6f61757468322e70726f76696465722e4f41757468325265717565737400000000000000010200075a0008617070726f7665644c000b617574686f72697469657371007e00044c000a657874656e73696f6e7374000f4c6a6176612f7574696c2f4d61703b4c000b726564697265637455726971007e000e4c00077265667265736874003b4c6f72672f737072696e676672616d65776f726b2f73656375726974792f6f61757468322f70726f76696465722f546f6b656e526571756573743b4c000b7265736f7572636549647371007e000f4c000d726573706f6e7365547970657371007e000f787200386f72672e737072696e676672616d65776f726b2e73656375726974792e6f61757468322e70726f76696465722e426173655265717565737436287a3ea37169bd0200034c0008636c69656e74496471007e000e4c001172657175657374506172616d657465727371007e001f4c000573636f706571007e000f7870740009636c69656e74617070737200256a6176612e7574696c2e436f6c6c656374696f6e7324556e6d6f6469666961626c654d6170f1a5a8fe74f507420200014c00016d71007e001f7870737200116a6176612e7574696c2e486173684d61700507dac1c31660d103000246000a6c6f6164466163746f724900097468726573686f6c6478703f400000000000067708000000080000000374000a6772616e745f7479706574000870617373776f7264740008757365726e616d65740005656c76696e74000573636f706574000a7265616420777269746578737200256a6176612e7574696c2e436f6c6c656374696f6e7324556e6d6f6469666961626c65536574801d92d18f9b80550200007871007e0009737200176a6176612e7574696c2e4c696e6b656448617368536574d86cd75a95dd2a1e020000787200116a6176612e7574696c2e48617368536574ba44859596b8b7340300007870770c000000103f4000000000000274000472656164740005777269746578017371007e0031770c000000103f40000000000001737200426f72672e737072696e676672616d65776f726b2e73656375726974792e636f72652e617574686f726974792e53696d706c654772616e746564417574686f7269747900000000000001400200014c0004726f6c6571007e000e787074000455534552787371007e00263f4000000000000077080000001000000000787070737200116a6176612e7574696c2e54726565536574dd98509395ed875b03000078707077040000000174000b7265737473657276696365787371007e0031770c000000103f40000000000000787372004f6f72672e737072696e676672616d65776f726b2e73656375726974792e61757468656e7469636174696f6e2e557365726e616d6550617373776f726441757468656e7469636174696f6e546f6b656e00000000000001400200024c000b63726564656e7469616c7371007e00054c00097072696e636970616c71007e00057871007e0003017371007e00077371007e000b0000000277040000000271007e001071007e001a7871007e0041737200176a6176612e7574696c2e4c696e6b6564486173684d617034c04e5c106cc0fb0200015a000b6163636573734f726465727871007e00263f400000000000067708000000080000000371007e002a71007e002b71007e002871007e002971007e002c71007e002d7800707372004064656d6f2e5573657244657461696c7353657276696365496d706c656d656e746174696f6e245573657244657461696c73496d706c656d656e746174696f6e7312c42e78e50b92f90200014c0004757365727400144c64656d6f2f64746f2f757365722f557365723b78707372001264656d6f2e64746f2e757365722e55736572589003a9dc8fc5370200054a000269644c00056c6f67696e71007e000e4c00046e616d6571007e000e4c000870617373776f726471007e000e4c0005726f6c657371007e000f78700000000000000001740005656c76696e740005456c76696e71007e00497371007e001200ffffffff000171007e001d71007e004874001864656d6f2e64746f2e757365722e557365722e726f6c6573707371007e00263f400000000000037708000000040000000271007e001071007e001071007e001a71007e001a787371007e0031770c000000103f4000000000000271007e001071007e001a78', 'bae1102dd9d4bb049ee9c6aa6cb7f56b');  
CREATE CACHED TABLE PUBLIC.OAUTH_REFRESH_TOKEN(
    TOKEN_ID VARCHAR(256),
    TOKEN LONGVARBINARY,
    AUTHENTICATION LONGVARBINARY
);   
-- 2 +/- SELECT COUNT(*) FROM PUBLIC.OAUTH_REFRESH_TOKEN;     
INSERT INTO PUBLIC.OAUTH_REFRESH_TOKEN(TOKEN_ID, TOKEN, AUTHENTICATION) VALUES
('a2c5dba5b092c106851dc59d047b1833', X'aced00057372004c6f72672e737072696e676672616d65776f726b2e73656375726974792e6f61757468322e636f6d6d6f6e2e44656661756c744578706972696e674f417574683252656672657368546f6b656e2fdf47639dd0c9b70200014c000a65787069726174696f6e7400104c6a6176612f7574696c2f446174653b787200446f72672e737072696e676672616d65776f726b2e73656375726974792e6f61757468322e636f6d6d6f6e2e44656661756c744f417574683252656672657368546f6b656e73e10e0a6354d45e0200014c000576616c75657400124c6a6176612f6c616e672f537472696e673b787074002436396264666334322d323132322d346634352d393535332d3262636231643866636238657372000e6a6176612e7574696c2e44617465686a81014b597419030000787077080000014eff734f7c78', X'aced0005737200416f72672e737072696e676672616d65776f726b2e73656375726974792e6f61757468322e70726f76696465722e4f417574683241757468656e7469636174696f6ebd400b02166252130200024c000d73746f7265645265717565737474003c4c6f72672f737072696e676672616d65776f726b2f73656375726974792f6f61757468322f70726f76696465722f4f4175746832526571756573743b4c00127573657241757468656e7469636174696f6e7400324c6f72672f737072696e676672616d65776f726b2f73656375726974792f636f72652f41757468656e7469636174696f6e3b787200476f72672e737072696e676672616d65776f726b2e73656375726974792e61757468656e7469636174696f6e2e416273747261637441757468656e7469636174696f6e546f6b656ed3aa287e6e47640e0200035a000d61757468656e746963617465644c000b617574686f7269746965737400164c6a6176612f7574696c2f436f6c6c656374696f6e3b4c000764657461696c737400124c6a6176612f6c616e672f4f626a6563743b787000737200266a6176612e7574696c2e436f6c6c656374696f6e7324556e6d6f6469666961626c654c697374fc0f2531b5ec8e100200014c00046c6973747400104c6a6176612f7574696c2f4c6973743b7872002c6a6176612e7574696c2e436f6c6c656374696f6e7324556e6d6f6469666961626c65436f6c6c656374696f6e19420080cb5ef71e0200014c00016371007e00047870737200136a6176612e7574696c2e41727261794c6973747881d21d99c7619d03000149000473697a657870000000017704000000017372001264656d6f2e64746f2e757365722e526f6c650c816ac927a5544b0200034a000269644c00046e616d657400124c6a6176612f6c616e672f537472696e673b4c0005757365727374000f4c6a6176612f7574696c2f5365743b78700000000000000001740009524f4c455f555345527372002f6f72672e68696265726e6174652e636f6c6c656374696f6e2e696e7465726e616c2e50657273697374656e7453657486e4fda1f2eee0af0200014c000373657471007e000f7872003e6f72672e68696265726e6174652e636f6c6c656374696f6e2e696e7465726e616c2e416273747261637450657273697374656e74436f6c6c656374696f6e844a7e7706ae8d0b0200095a001b616c6c6f774c6f61644f7574736964655472616e73616374696f6e49000a63616368656453697a655a000564697274795a000b696e697469616c697a65644c00036b65797400164c6a6176612f696f2f53657269616c697a61626c653b4c00056f776e657271007e00054c0004726f6c6571007e000e4c001273657373696f6e466163746f72795575696471007e000e4c000e73746f726564536e617073686f7471007e0014787000ffffffff00007372000e6a6176612e6c616e672e4c6f6e673b8be490cc8f23df0200014a000576616c7565787200106a6176612e6c616e672e4e756d62657286ac951d0b94e08b0200007870000000000000000171007e001074001864656d6f2e64746f2e757365722e526f6c652e75736572737070707871007e000c707372003a6f72672e737072696e676672616d65776f726b2e73656375726974792e6f61757468322e70726f76696465722e4f41757468325265717565737400000000000000010200075a0008617070726f7665644c000b617574686f72697469657371007e00044c000a657874656e73696f6e7374000f4c6a6176612f7574696c2f4d61703b4c000b726564697265637455726971007e000e4c00077265667265736874003b4c6f72672f737072696e676672616d65776f726b2f73656375726974792f6f61757468322f70726f76696465722f546f6b656e526571756573743b4c000b7265736f7572636549647371007e000f4c000d726573706f6e7365547970657371007e000f787200386f72672e737072696e676672616d65776f726b2e73656375726974792e6f61757468322e70726f76696465722e426173655265717565737436287a3ea37169bd0200034c0008636c69656e74496471007e000e4c001172657175657374506172616d657465727371007e001b4c000573636f706571007e000f7870740009636c69656e74617070737200256a6176612e7574696c2e436f6c6c656374696f6e7324556e6d6f6469666961626c654d6170f1a5a8fe74f507420200014c00016d71007e001b7870737200116a6176612e7574696c2e486173684d61700507dac1c31660d103000246000a6c6f6164466163746f724900097468726573686f6c6478703f400000000000067708000000080000000374000a6772616e745f7479706574000870617373776f7264740008757365726e616d657400047065706574000573636f706574000a7265616420777269746578737200256a6176612e7574696c2e436f6c6c656374696f6e7324556e6d6f6469666961626c65536574801d92d18f9b80550200007871007e0009737200176a6176612e7574696c2e4c696e6b656448617368536574d86cd75a95dd2a1e020000787200116a6176612e7574696c2e48617368536574ba44859596b8b7340300007870770c000000103f4000000000000274000472656164740005777269746578017371007e002d770c000000103f40000000000001737200426f72672e737072696e676672616d65776f726b2e73656375726974792e636f72652e617574686f726974792e53696d706c654772616e746564417574686f7269747900000000000001400200014c0004726f6c6571007e000e787074000455534552787371007e00223f40000000000000770800000010000000007870707371007e002c770c000000103f4000000000000174000b7265737473657276696365787371007e002d770c000000103f40000000000000787372004f6f72672e737072696e676672616d65776f726b2e73656375726974792e61757468656e7469636174696f6e2e557365726e616d6550617373776f726441757468656e7469636174696f6e546f6b656e00000000000001400200024c000b63726564656e7469616c7371007e00054c00097072696e636970616c71007e00057871007e0003017371007e00077371007e000b0000000177040000000171007e00107871007e003c737200176a6176612e7574696c2e4c696e6b6564486173684d617034c04e5c106cc0fb0200015a000b6163636573734f726465727871007e00223f400000000000067708000000080000000371007e002671007e002771007e002471007e002571007e002871007e00297800707372004064656d6f2e5573657244657461696c7353657276696365496d706c656d656e746174696f6e245573657244657461696c73496d706c656d656e746174696f6e7312c42e78e50b92f90200014c0004757365727400144c64656d6f2f64746f2f757365722f557365723b78707372001264656d6f2e64746f2e757365722e55736572589003a9dc8fc5370200054a000269644c00056c6f67696e71007e000e4c00046e616d6571007e000e4c000870617373776f726471007e000e4c0005726f6c657371007e000f78700000000000000002740004706570657400045065706571007e00447371007e001200ffffffff00017371007e0016000000000000000271007e004374001864656d6f2e64746f2e757365722e557365722e726f6c6573707371007e00223f400000000000017708000000020000000171007e001071007e0010787371007e002d770c000000103f4000000000000171007e001078');             
INSERT INTO PUBLIC.OAUTH_REFRESH_TOKEN(TOKEN_ID, TOKEN, AUTHENTICATION) VALUES
('bae1102dd9d4bb049ee9c6aa6cb7f56b', X'aced00057372004c6f72672e737072696e676672616d65776f726b2e73656375726974792e6f61757468322e636f6d6d6f6e2e44656661756c744578706972696e674f417574683252656672657368546f6b656e2fdf47639dd0c9b70200014c000a65787069726174696f6e7400104c6a6176612f7574696c2f446174653b787200446f72672e737072696e676672616d65776f726b2e73656375726974792e6f61757468322e636f6d6d6f6e2e44656661756c744f417574683252656672657368546f6b656e73e10e0a6354d45e0200014c000576616c75657400124c6a6176612f6c616e672f537472696e673b787074002439373132326564362d633238352d343234312d383462392d3138323937313533646638337372000e6a6176612e7574696c2e44617465686a81014b597419030000787077080000014eff73c2a978', X'aced0005737200416f72672e737072696e676672616d65776f726b2e73656375726974792e6f61757468322e70726f76696465722e4f417574683241757468656e7469636174696f6ebd400b02166252130200024c000d73746f7265645265717565737474003c4c6f72672f737072696e676672616d65776f726b2f73656375726974792f6f61757468322f70726f76696465722f4f4175746832526571756573743b4c00127573657241757468656e7469636174696f6e7400324c6f72672f737072696e676672616d65776f726b2f73656375726974792f636f72652f41757468656e7469636174696f6e3b787200476f72672e737072696e676672616d65776f726b2e73656375726974792e61757468656e7469636174696f6e2e416273747261637441757468656e7469636174696f6e546f6b656ed3aa287e6e47640e0200035a000d61757468656e746963617465644c000b617574686f7269746965737400164c6a6176612f7574696c2f436f6c6c656374696f6e3b4c000764657461696c737400124c6a6176612f6c616e672f4f626a6563743b787000737200266a6176612e7574696c2e436f6c6c656374696f6e7324556e6d6f6469666961626c654c697374fc0f2531b5ec8e100200014c00046c6973747400104c6a6176612f7574696c2f4c6973743b7872002c6a6176612e7574696c2e436f6c6c656374696f6e7324556e6d6f6469666961626c65436f6c6c656374696f6e19420080cb5ef71e0200014c00016371007e00047870737200136a6176612e7574696c2e41727261794c6973747881d21d99c7619d03000149000473697a657870000000027704000000027372001264656d6f2e64746f2e757365722e526f6c650c816ac927a5544b0200034a000269644c00046e616d657400124c6a6176612f6c616e672f537472696e673b4c0005757365727374000f4c6a6176612f7574696c2f5365743b7870000000000000000274000a524f4c455f41444d494e7372002f6f72672e68696265726e6174652e636f6c6c656374696f6e2e696e7465726e616c2e50657273697374656e7453657486e4fda1f2eee0af0200014c000373657471007e000f7872003e6f72672e68696265726e6174652e636f6c6c656374696f6e2e696e7465726e616c2e416273747261637450657273697374656e74436f6c6c656374696f6e844a7e7706ae8d0b0200095a001b616c6c6f774c6f61644f7574736964655472616e73616374696f6e49000a63616368656453697a655a000564697274795a000b696e697469616c697a65644c00036b65797400164c6a6176612f696f2f53657269616c697a61626c653b4c00056f776e657271007e00054c0004726f6c6571007e000e4c001273657373696f6e466163746f72795575696471007e000e4c000e73746f726564536e617073686f7471007e0014787000ffffffff00007372000e6a6176612e6c616e672e4c6f6e673b8be490cc8f23df0200014a000576616c7565787200106a6176612e6c616e672e4e756d62657286ac951d0b94e08b0200007870000000000000000271007e001074001864656d6f2e64746f2e757365722e526f6c652e75736572737070707371007e000d0000000000000001740009524f4c455f555345527371007e001200ffffffff00007371007e0016000000000000000171007e001a71007e00197070707871007e000c707372003a6f72672e737072696e676672616d65776f726b2e73656375726974792e6f61757468322e70726f76696465722e4f41757468325265717565737400000000000000010200075a0008617070726f7665644c000b617574686f72697469657371007e00044c000a657874656e73696f6e7374000f4c6a6176612f7574696c2f4d61703b4c000b726564697265637455726971007e000e4c00077265667265736874003b4c6f72672f737072696e676672616d65776f726b2f73656375726974792f6f61757468322f70726f76696465722f546f6b656e526571756573743b4c000b7265736f7572636549647371007e000f4c000d726573706f6e7365547970657371007e000f787200386f72672e737072696e676672616d65776f726b2e73656375726974792e6f61757468322e70726f76696465722e426173655265717565737436287a3ea37169bd0200034c0008636c69656e74496471007e000e4c001172657175657374506172616d657465727371007e001f4c000573636f706571007e000f7870740009636c69656e74617070737200256a6176612e7574696c2e436f6c6c656374696f6e7324556e6d6f6469666961626c654d6170f1a5a8fe74f507420200014c00016d71007e001f7870737200116a6176612e7574696c2e486173684d61700507dac1c31660d103000246000a6c6f6164466163746f724900097468726573686f6c6478703f400000000000067708000000080000000374000a6772616e745f7479706574000870617373776f7264740008757365726e616d65740005656c76696e74000573636f706574000a7265616420777269746578737200256a6176612e7574696c2e436f6c6c656374696f6e7324556e6d6f6469666961626c65536574801d92d18f9b80550200007871007e0009737200176a6176612e7574696c2e4c696e6b656448617368536574d86cd75a95dd2a1e020000787200116a6176612e7574696c2e48617368536574ba44859596b8b7340300007870770c000000103f4000000000000274000472656164740005777269746578017371007e0031770c000000103f40000000000001737200426f72672e737072696e676672616d65776f726b2e73656375726974792e636f72652e617574686f726974792e53696d706c654772616e746564417574686f7269747900000000000001400200014c0004726f6c6571007e000e787074000455534552787371007e00263f40000000000000770800000010000000007870707371007e0030770c000000103f4000000000000174000b7265737473657276696365787371007e0031770c000000103f40000000000000787372004f6f72672e737072696e676672616d65776f726b2e73656375726974792e61757468656e7469636174696f6e2e557365726e616d6550617373776f726441757468656e7469636174696f6e546f6b656e00000000000001400200024c000b63726564656e7469616c7371007e00054c00097072696e636970616c71007e00057871007e0003017371007e00077371007e000b0000000277040000000271007e001071007e001a7871007e0040737200176a6176612e7574696c2e4c696e6b6564486173684d617034c04e5c106cc0fb0200015a000b6163636573734f726465727871007e00263f400000000000067708000000080000000371007e002a71007e002b71007e002871007e002971007e002c71007e002d7800707372004064656d6f2e5573657244657461696c7353657276696365496d706c656d656e746174696f6e245573657244657461696c73496d706c656d656e746174696f6e7312c42e78e50b92f90200014c0004757365727400144c64656d6f2f64746f2f757365722f557365723b78707372001264656d6f2e64746f2e757365722e55736572589003a9dc8fc5370200054a000269644c00056c6f67696e71007e000e4c00046e616d6571007e000e4c000870617373776f726471007e000e4c0005726f6c657371007e000f78700000000000000001740005656c76696e740005456c76696e71007e00487371007e001200ffffffff000171007e001d71007e004774001864656d6f2e64746f2e757365722e557365722e726f6c6573707371007e00263f400000000000037708000000040000000271007e001071007e001071007e001a71007e001a787371007e0031770c000000103f4000000000000271007e001071007e001a78');           
CREATE CACHED TABLE PUBLIC.OAUTH_CODE(
    CODE VARCHAR(256),
    AUTHENTICATION LONGVARBINARY
);          
-- 0 +/- SELECT COUNT(*) FROM PUBLIC.OAUTH_CODE;              
CREATE CACHED TABLE PUBLIC.OAUTH_APPROVALS(
    USERID VARCHAR(256),
    CLIENTID VARCHAR(256),
    SCOPE VARCHAR(256),
    STATUS VARCHAR(10),
    EXPIRESAT TIMESTAMP,
    LASTMODIFIEDAT TIMESTAMP
);               
-- 0 +/- SELECT COUNT(*) FROM PUBLIC.OAUTH_APPROVALS;         
CREATE CACHED TABLE PUBLIC.CLIENTDETAILS(
    APPID VARCHAR(256) NOT NULL,
    RESOURCEIDS VARCHAR(256),
    APPSECRET VARCHAR(256),
    SCOPE VARCHAR(256),
    GRANTTYPES VARCHAR(256),
    REDIRECTURL VARCHAR(256),
    AUTHORITIES VARCHAR(256),
    ACCESS_TOKEN_VALIDITY INTEGER,
    REFRESH_TOKEN_VALIDITY INTEGER,
    ADDITIONALINFORMATION VARCHAR(4096),
    AUTOAPPROVESCOPES VARCHAR(256)
);       
ALTER TABLE PUBLIC.CLIENTDETAILS ADD CONSTRAINT PUBLIC.CONSTRAINT_C PRIMARY KEY(APPID);       
-- 0 +/- SELECT COUNT(*) FROM PUBLIC.CLIENTDETAILS;           
ALTER TABLE PUBLIC.USER ADD CONSTRAINT PUBLIC.UK_EW1HVAM8UWAKNUAELLWHQCHHB UNIQUE(LOGIN);     
ALTER TABLE PUBLIC.USER_ROLE ADD CONSTRAINT PUBLIC.FK_APCC8LXK2XNUG8377FATVBN04 FOREIGN KEY(USER_ID) REFERENCES PUBLIC.USER(ID) NOCHECK;      
ALTER TABLE PUBLIC.USER_ROLE ADD CONSTRAINT PUBLIC.FK_IT77EQ964JHFQTU54081EBTIO FOREIGN KEY(ROLE_ID) REFERENCES PUBLIC.ROLE(ID) NOCHECK;      

*/